"rules","support","confidence","coverage","lift","count"
"{HERB MARKER THYME} => {HERB MARKER ROSEMARY}",0.0101936184329574,0.94413407821229,0.010796791121298,86.4795518380197,169
"{HERB MARKER ROSEMARY} => {HERB MARKER THYME}",0.0101936184329574,0.933701657458563,0.0109174256589662,86.4795518380197,169
"{HERB MARKER PARSLEY} => {HERB MARKER ROSEMARY}",0.0100126666264552,0.932584269662921,0.010736473852464,85.4216276615556,166
"{HERB MARKER ROSEMARY} => {HERB MARKER PARSLEY}",0.0100126666264552,0.917127071823204,0.0109174256589662,85.4216276615556,166
"{HERB MARKER MINT} => {HERB MARKER ROSEMARY}",0.0100126666264552,0.902173913043478,0.0110983774654684,82.6361398030267,166
"{HERB MARKER ROSEMARY} => {HERB MARKER MINT}",0.0100126666264552,0.917127071823204,0.0109174256589662,82.6361398030267,166
"{REGENCY TEA PLATE GREEN} => {REGENCY TEA PLATE ROSES}",0.0115809156161409,0.845814977973568,0.0136920200253333,52.7171673677586,192
"{REGENCY TEA PLATE ROSES} => {REGENCY TEA PLATE GREEN}",0.0115809156161409,0.721804511278195,0.0160443935098619,52.7171673677586,192
"{POPPY'S PLAYHOUSE LIVINGROOM} => {POPPY'S PLAYHOUSE BEDROOM}",0.0101936184329574,0.808612440191388,0.01260630918632,51.5614832535885,169
"{POPPY'S PLAYHOUSE BEDROOM} => {POPPY'S PLAYHOUSE LIVINGROOM}",0.0101936184329574,0.65,0.0156824898968575,51.5614832535885,169
"{SET OF 3 WOODEN STOCKING DECORATION} => {SET OF 3 WOODEN TREE DECORATIONS}",0.0103745702394596,0.690763052208835,0.0150189999396827,50.0094351203942,172
"{SET OF 3 WOODEN TREE DECORATIONS} => {SET OF 3 WOODEN STOCKING DECORATION}",0.0103745702394596,0.751091703056769,0.0138126545630014,50.0094351203942,172
"{POPPY'S PLAYHOUSE KITCHEN} => {POPPY'S PLAYHOUSE LIVINGROOM}",0.010736473852464,0.618055555555556,0.0173713734242114,49.0274787347156,178
"{POPPY'S PLAYHOUSE LIVINGROOM} => {POPPY'S PLAYHOUSE KITCHEN}",0.010736473852464,0.851674641148325,0.01260630918632,49.0274787347156,178
"{POPPY'S PLAYHOUSE BEDROOM} => {POPPY'S PLAYHOUSE KITCHEN}",0.01260630918632,0.803846153846154,0.0156824898968575,46.2741853632479,209
"{POPPY'S PLAYHOUSE KITCHEN} => {POPPY'S PLAYHOUSE BEDROOM}",0.01260630918632,0.725694444444444,0.0173713734242114,46.2741853632479,209
"{PINK VINTAGE PAISLEY PICNIC BAG} => {SCANDINAVIAN PAISLEY PICNIC BAG}",0.0109777429278002,0.713725490196078,0.0153809035526871,40.6627316218584,182
"{SCANDINAVIAN PAISLEY PICNIC BAG} => {PINK VINTAGE PAISLEY PICNIC BAG}",0.0109777429278002,0.625429553264605,0.0175523252307136,40.6627316218584,182
"{WOODEN HEART CHRISTMAS SCANDINAVIAN,WOODEN TREE CHRISTMAS SCANDINAVIAN} => {WOODEN STAR CHRISTMAS SCANDINAVIAN}",0.0102539357017914,0.92896174863388,0.0110380601966343,38.4071242658381,170
"{PINK HAPPY BIRTHDAY BUNTING} => {BLUE HAPPY BIRTHDAY BUNTING}",0.0130888473369926,0.693290734824281,0.018879305145063,37.9342148272335,217
"{BLUE HAPPY BIRTHDAY BUNTING} => {PINK HAPPY BIRTHDAY BUNTING}",0.0130888473369926,0.716171617161716,0.0182761324567224,37.9342148272335,217
"{WOODEN HEART CHRISTMAS SCANDINAVIAN,WOODEN STAR CHRISTMAS SCANDINAVIAN} => {WOODEN TREE CHRISTMAS SCANDINAVIAN}",0.0102539357017914,0.566666666666667,0.0180951806502202,37.882123655914,170
"{SMALL MARSHMALLOWS PINK BOWL} => {SMALL DOLLY MIX DESIGN ORANGE BOWL}",0.0127269437239882,0.77859778597786,0.0163459798540322,37.5243392259504,211
"{SMALL DOLLY MIX DESIGN ORANGE BOWL} => {SMALL MARSHMALLOWS PINK BOWL}",0.0127269437239882,0.613372093023256,0.0207491404789191,37.5243392259504,211
"{FELTCRAFT CUSHION RABBIT} => {FELTCRAFT CUSHION BUTTERFLY}",0.0114602810784728,0.618892508143323,0.0185174015320586,37.3113414273023,190
"{FELTCRAFT CUSHION BUTTERFLY} => {FELTCRAFT CUSHION RABBIT}",0.0114602810784728,0.690909090909091,0.0165872489293685,37.3113414273023,190
"{RED STRIPE CERAMIC DRAWER KNOB} => {BLUE STRIPE CERAMIC DRAWER KNOB}",0.0110983774654684,0.654804270462633,0.0169491525423729,34.6837060702875,184
"{BLUE STRIPE CERAMIC DRAWER KNOB} => {RED STRIPE CERAMIC DRAWER KNOB}",0.0110983774654684,0.587859424920128,0.018879305145063,34.6837060702875,184
"{WOODEN TREE CHRISTMAS SCANDINAVIAN} => {WOODEN STAR CHRISTMAS SCANDINAVIAN}",0.012545991917486,0.838709677419355,0.0149586826708487,34.6757300297643,208
"{WOODEN STAR CHRISTMAS SCANDINAVIAN} => {WOODEN TREE CHRISTMAS SCANDINAVIAN}",0.012545991917486,0.518703241895262,0.0241872248024609,34.6757300297643,208
"{SET OF 3 WOODEN TREE DECORATIONS} => {SET OF 3 WOODEN HEART DECORATIONS}",0.0100126666264552,0.724890829694323,0.0138126545630014,32.4809866635194,166
"{KITCHEN METAL SIGN} => {BATHROOM METAL SIGN}",0.0102539357017914,0.783410138248848,0.0130888473369926,32.2286766303416,170
"{WOODEN STAR CHRISTMAS SCANDINAVIAN,WOODEN TREE CHRISTMAS SCANDINAVIAN} => {WOODEN HEART CHRISTMAS SCANDINAVIAN}",0.0102539357017914,0.817307692307692,0.012545991917486,31.1497568523431,170
"{TOILET METAL SIGN} => {BATHROOM METAL SIGN}",0.0133301164123288,0.754266211604096,0.0176729597683817,31.0297258614995,221
"{BATHROOM METAL SIGN} => {TOILET METAL SIGN}",0.0133301164123288,0.548387096774194,0.0243078593401291,31.0297258614995,221
"{SET OF 3 WOODEN STOCKING DECORATION} => {SET OF 3 WOODEN HEART DECORATIONS}",0.0103745702394596,0.690763052208835,0.0150189999396827,30.9517855204602,172
"{SET OF 6 SNACK LOAF BAKING CASES} => {SET OF 12 FAIRY CAKE BAKING CASES}",0.0101333011641233,0.691358024691358,0.0146570963266783,29.6176348613902,168
"{FELTCRAFT PRINCESS LOLA DOLL} => {FELTCRAFT PRINCESS CHARLOTTE DOLL}",0.0129078955304904,0.640718562874252,0.0201459677905784,29.0231504204705,214
"{FELTCRAFT PRINCESS CHARLOTTE DOLL} => {FELTCRAFT PRINCESS LOLA DOLL}",0.0129078955304904,0.584699453551913,0.0220761203932686,29.0231504204705,214
"{SET OF 12 MINI LOAF BAKING CASES} => {SET OF 12 FAIRY CAKE BAKING CASES}",0.0121840883044816,0.673333333333333,0.0180951806502202,28.8454608096469,202
"{SET OF 12 FAIRY CAKE BAKING CASES} => {SET OF 12 MINI LOAF BAKING CASES}",0.0121840883044816,0.521963824289406,0.023342783038784,28.8454608096469,202
"{WOODEN STAR CHRISTMAS SCANDINAVIAN} => {WOODEN HEART CHRISTMAS SCANDINAVIAN}",0.0180951806502202,0.748129675810474,0.0241872248024609,28.5131997592226,300
"{WOODEN HEART CHRISTMAS SCANDINAVIAN} => {WOODEN STAR CHRISTMAS SCANDINAVIAN}",0.0180951806502202,0.689655172413793,0.0262380119428192,28.5131997592226,300
"{SET OF 6 TEA TIME BAKING CASES} => {SET OF 12 FAIRY CAKE BAKING CASES}",0.0104952047771277,0.659090909090909,0.0159237589721937,28.2353182992718,174
"{WOODEN TREE CHRISTMAS SCANDINAVIAN} => {WOODEN HEART CHRISTMAS SCANDINAVIAN}",0.0110380601966343,0.737903225806452,0.0149586826708487,28.1234427141268,183
"{CHRISTMAS CRAFT WHITE FAIRY} => {CHRISTMAS CRAFT LITTLE FRIENDS}",0.0113999638096387,0.625827814569536,0.0182158151878883,26.9496086694762,189
"{JUMBO BAG APPLES,JUMBO BAG VINTAGE LEAF} => {JUMBO BAG PEARS}",0.0104348875082936,0.667953667953668,0.0156221726280234,26.1179336344431,173
"{FELTCRAFT CUSHION RABBIT} => {FELTCRAFT CUSHION OWL}",0.0115205983473068,0.62214983713355,0.0185174015320586,26.1129674679421,191
"{GREEN REGENCY TEACUP AND SAUCER,REGENCY CAKESTAND 3 TIER,ROSES REGENCY TEACUP AND SAUCER} => {PINK REGENCY TEACUP AND SAUCER}",0.0121840883044816,0.762264150943396,0.0159840762410278,25.6340311531249,202
"{CHRISTMAS CRAFT TREE TOP ANGEL} => {CHRISTMAS CRAFT LITTLE FRIENDS}",0.0110983774654684,0.571428571428571,0.0194221605645696,24.6070500927644,184
"{PINK REGENCY TEACUP AND SAUCER,REGENCY CAKESTAND 3 TIER,ROSES REGENCY TEACUP AND SAUCER} => {GREEN REGENCY TEACUP AND SAUCER}",0.0121840883044816,0.897777777777778,0.0135713854876651,24.3206826434277,202
"{PINK REGENCY TEACUP AND SAUCER,ROSES REGENCY TEACUP AND SAUCER} => {GREEN REGENCY TEACUP AND SAUCER}",0.0205681886724169,0.890339425587467,0.0231015139634477,24.1191786549259,341
"{GREEN REGENCY TEACUP AND SAUCER,REGENCY CAKESTAND 3 TIER} => {PINK REGENCY TEACUP AND SAUCER}",0.0138729718318355,0.716510903426791,0.0193618432957356,24.0954041945492,230
"{GREEN REGENCY TEACUP AND SAUCER,ROSES REGENCY TEACUP AND SAUCER} => {PINK REGENCY TEACUP AND SAUCER}",0.0205681886724169,0.716386554621849,0.028711019965016,24.091222493054,341
"{PINK REGENCY TEACUP AND SAUCER,REGENCY CAKESTAND 3 TIER} => {GREEN REGENCY TEACUP AND SAUCER}",0.0138729718318355,0.867924528301887,0.0159840762410278,23.5119620175114,230
"{PINK REGENCY TEACUP AND SAUCER} => {GREEN REGENCY TEACUP AND SAUCER}",0.0243681766089631,0.81947261663286,0.0297364135351951,22.1994060639807,404
"{GREEN REGENCY TEACUP AND SAUCER} => {PINK REGENCY TEACUP AND SAUCER}",0.0243681766089631,0.660130718954248,0.0369141685264491,22.1994060639807,404
"{SPACEBOY LUNCH BOX} => {DOLLY GIRL LUNCH BOX}",0.018879305145063,0.618577075098814,0.030520538030038,21.9601484540969,313
"{DOLLY GIRL LUNCH BOX} => {SPACEBOY LUNCH BOX}",0.018879305145063,0.670235546038544,0.0281681645455094,21.9601484540969,313
"{REGENCY CAKESTAND 3 TIER,ROSES REGENCY TEACUP AND SAUCER} => {PINK REGENCY TEACUP AND SAUCER}",0.0135713854876651,0.639204545454545,0.0212316786295917,21.4956838926793,225
"{GREEN REGENCY TEACUP AND SAUCER,PINK REGENCY TEACUP AND SAUCER,REGENCY CAKESTAND 3 TIER} => {ROSES REGENCY TEACUP AND SAUCER}",0.0121840883044816,0.878260869565217,0.0138729718318355,21.4759394638964,202
"{PINK REGENCY TEACUP AND SAUCER,REGENCY CAKESTAND 3 TIER} => {ROSES REGENCY TEACUP AND SAUCER}",0.0135713854876651,0.849056603773585,0.0159840762410278,20.7618133244281,225
"{GREEN REGENCY TEACUP AND SAUCER,PINK REGENCY TEACUP AND SAUCER} => {ROSES REGENCY TEACUP AND SAUCER}",0.0205681886724169,0.844059405940594,0.0243681766089631,20.6396178334648,341
"{REGENCY CAKESTAND 3 TIER,ROSES REGENCY TEACUP AND SAUCER} => {GREEN REGENCY TEACUP AND SAUCER}",0.0159840762410278,0.752840909090909,0.0212316786295917,20.3943618166964,265
"{JUMBO BAG PEARS,JUMBO BAG VINTAGE LEAF} => {JUMBO BAG APPLES}",0.0104348875082936,0.768888888888889,0.0135713854876651,20.3632729854455,173
"{GREEN REGENCY TEACUP AND SAUCER,REGENCY CAKESTAND 3 TIER} => {ROSES REGENCY TEACUP AND SAUCER}",0.0159840762410278,0.825545171339564,0.0193618432957356,20.1868929139213,265
"{SWEETHEART CERAMIC TRINKET BOX} => {STRAWBERRY CERAMIC TRINKET BOX}",0.0110983774654684,0.524216524216524,0.0211713613607576,19.6628636990628,184
"{JUMBO BAG VINTAGE CHRISTMAS} => {JUMBO BAG 50'S CHRISTMAS}",0.0142348754448399,0.643051771117166,0.0221364376621027,19.6338035236676,236
"{HAND WARMER RED RETROSPOT} => {HAND WARMER SCOTTY DOG DESIGN}",0.0106158393147958,0.539877300613497,0.0196634296399059,19.4578821018938,176
"{ROSES REGENCY TEACUP AND SAUCER} => {GREEN REGENCY TEACUP AND SAUCER}",0.028711019965016,0.702064896755162,0.0408951082694976,19.0188462799082,476
"{GREEN REGENCY TEACUP AND SAUCER} => {ROSES REGENCY TEACUP AND SAUCER}",0.028711019965016,0.777777777777778,0.0369141685264491,19.0188462799082,476
"{PINK REGENCY TEACUP AND SAUCER} => {ROSES REGENCY TEACUP AND SAUCER}",0.0231015139634477,0.776876267748479,0.0297364135351951,18.9968018333363,383
"{ROSES REGENCY TEACUP AND SAUCER} => {PINK REGENCY TEACUP AND SAUCER}",0.0231015139634477,0.564896755162242,0.0408951082694976,18.9968018333363,383
"{HAND WARMER RED LOVE HEART} => {HAND WARMER UNION JACK}",0.0108571083901321,0.5,0.0217142167802642,18.925799086758,180
"{RED KITCHEN SCALES} => {IVORY KITCHEN SCALES}",0.01260630918632,0.585434173669468,0.021533264973762,18.9199087042224,209
"{BLUE HARMONICA IN BOX} => {RED  HARMONICA IN BOX}",0.0135110682188311,0.52093023255814,0.0259364255986489,18.856991977252,224
"{HAND WARMER SCOTTY DOG DESIGN} => {HAND WARMER BIRD DESIGN}",0.0142951927136739,0.515217391304348,0.0277459436636709,18.6095623756749,237
"{HAND WARMER BIRD DESIGN} => {HAND WARMER SCOTTY DOG DESIGN}",0.0142951927136739,0.516339869281046,0.0276856263948368,18.6095623756749,237
"{HAND WARMER SCOTTY DOG DESIGN} => {HAND WARMER OWL DESIGN}",0.0167682007358707,0.604347826086956,0.0277459436636709,18.2837273881307,278
"{HAND WARMER OWL DESIGN} => {HAND WARMER SCOTTY DOG DESIGN}",0.0167682007358707,0.507299270072993,0.0330538633210688,18.2837273881307,278
"{CHARLOTTE BAG PINK POLKADOT} => {RED RETROSPOT CHARLOTTE BAG}",0.0168888352735388,0.668257756563246,0.0252729356414742,18.1326437742423,280
"{JUMBO BAG PEARS} => {JUMBO BAG APPLES}",0.0168285180047047,0.658018867924528,0.0255745219856445,17.4269885164868,279
"{WOODLAND CHARLOTTE BAG} => {CHARLOTTE BAG SUKI DESIGN}",0.0120634537668134,0.523560209424084,0.0230411966946137,17.086820299295,200
"{HAND WARMER BIRD DESIGN} => {HAND WARMER OWL DESIGN}",0.0156221726280234,0.564270152505447,0.0276856263948368,17.0712314934084,259
"{PINK BLUE FELT CRAFT TRINKET BOX} => {PINK CREAM FELT CRAFT TRINKET BOX}",0.0135110682188311,0.524590163934426,0.0257554737921467,16.9866803278689,224
"{HAND WARMER RED RETROSPOT} => {HAND WARMER OWL DESIGN}",0.0110380601966343,0.561349693251534,0.0196634296399059,16.9828769423671,183
"{ALARM CLOCK BAKELIKE GREEN,ALARM CLOCK BAKELIKE IVORY} => {ALARM CLOCK BAKELIKE RED}",0.0115809156161409,0.774193548387097,0.0149586826708487,16.9331858030471,192
"{HAND WARMER RED LOVE HEART} => {HAND WARMER OWL DESIGN}",0.0120634537668134,0.555555555555556,0.0217142167802642,16.8075831305758,200
"{ALARM CLOCK BAKELIKE GREEN,ALARM CLOCK BAKELIKE PINK} => {ALARM CLOCK BAKELIKE RED}",0.0127269437239882,0.764492753623188,0.0166475661982025,16.7210097128217,211
"{BAKING SET SPACEBOY DESIGN} => {BAKING SET 9 PIECE RETROSPOT}",0.0158031244345256,0.71978021978022,0.0219554858556005,16.5280280661167,262
"{STRAWBERRY CHARLOTTE BAG} => {RED RETROSPOT CHARLOTTE BAG}",0.01616502804753,0.604966139954853,0.0267205500934918,16.4152759972365,268
"{GARDENERS KNEELING PAD CUP OF TEA} => {GARDENERS KNEELING PAD KEEP CALM}",0.0276253091260028,0.730462519936204,0.0378189275589601,16.3212104016473,458
"{GARDENERS KNEELING PAD KEEP CALM} => {GARDENERS KNEELING PAD CUP OF TEA}",0.0276253091260028,0.617250673854447,0.0447554134748779,16.3212104016473,458
"{ALARM CLOCK BAKELIKE IVORY,ALARM CLOCK BAKELIKE RED} => {ALARM CLOCK BAKELIKE GREEN}",0.0115809156161409,0.678445229681979,0.017069787080041,16.3013673375326,192
"{LARGE WHITE HEART OF WICKER} => {SMALL WHITE HEART OF WICKER}",0.0167078834670366,0.552894211576846,0.0302189516858677,16.1380865030502,277
"{ALARM CLOCK BAKELIKE CHOCOLATE} => {ALARM CLOCK BAKELIKE GREEN}",0.0109777429278002,0.661818181818182,0.0165872489293685,15.901860342556,182
"{ALARM CLOCK BAKELIKE PINK,ALARM CLOCK BAKELIKE RED} => {ALARM CLOCK BAKELIKE GREEN}",0.0127269437239882,0.659375,0.0193015260269015,15.8431567028986,211
"{JUMBO BAG SCANDINAVIAN BLUE PAISLEY} => {JUMBO BAG PINK VINTAGE PAISLEY}",0.0133904336811629,0.523584905660377,0.0255745219856445,15.697132280187,222
"{WOODLAND CHARLOTTE BAG} => {RED RETROSPOT CHARLOTTE BAG}",0.0129682127993244,0.56282722513089,0.0230411966946137,15.271869992545,215
"{ALARM CLOCK BAKELIKE CHOCOLATE} => {ALARM CLOCK BAKELIKE RED}",0.0113396465408046,0.683636363636364,0.0165872489293685,14.9525161909331,188
"{ALARM CLOCK BAKELIKE ORANGE} => {ALARM CLOCK BAKELIKE RED}",0.0126666264551541,0.670926517571885,0.018879305145063,14.6745260353882,210
"{LUNCH BAG  BLACK SKULL.,LUNCH BAG CARS BLUE,LUNCH BAG RED RETROSPOT} => {LUNCH BAG PINK POLKADOT}",0.0111586947343024,0.748987854251012,0.0148983654020146,14.6432424948438,185
"{ALARM CLOCK BAKELIKE IVORY} => {ALARM CLOCK BAKELIKE RED}",0.017069787080041,0.667452830188679,0.0255745219856445,14.5985494349579,283
"{ALARM CLOCK BAKELIKE ORANGE} => {ALARM CLOCK BAKELIKE GREEN}",0.0114602810784728,0.60702875399361,0.018879305145063,14.5854053803769,190
"{JUMBO BAG APPLES,JUMBO BAG PEARS} => {JUMBO BAG VINTAGE LEAF}",0.0104348875082936,0.620071684587814,0.0168285180047047,14.4995323819201,173
"{ALARM CLOCK BAKELIKE GREEN} => {ALARM CLOCK BAKELIKE RED}",0.0273840400506665,0.657971014492754,0.0416189154955064,14.3911628618408,454
"{ALARM CLOCK BAKELIKE RED} => {ALARM CLOCK BAKELIKE GREEN}",0.0273840400506665,0.598944591029024,0.0457204897762229,14.3911628618408,454
"{ALARM CLOCK BAKELIKE PINK} => {ALARM CLOCK BAKELIKE RED}",0.0193015260269015,0.65173116089613,0.029615778997527,14.2546845864076,320
"{HOT WATER BOTTLE I AM SO POORLY} => {CHOCOLATE HOT WATER BOTTLE}",0.0165872489293685,0.56935817805383,0.0291332408468544,14.237389493144,275
"{CHARLOTTE BAG SUKI DESIGN} => {RED RETROSPOT CHARLOTTE BAG}",0.0160443935098619,0.523622047244094,0.0306411725677061,14.2080686108999,266
"{ALARM CLOCK BAKELIKE IVORY} => {ALARM CLOCK BAKELIKE GREEN}",0.0149586826708487,0.584905660377358,0.0255745219856445,14.0538419469511,248
"{CHARLOTTE BAG APPLES DESIGN} => {RED RETROSPOT CHARLOTTE BAG}",0.0105555220459618,0.517751479289941,0.0203872368659147,14.0487754094074,175
"{WHITE HANGING HEART T-LIGHT HOLDER,WOODEN FRAME ANTIQUE WHITE} => {WOODEN PICTURE FRAME WHITE FINISH}",0.010736473852464,0.712,0.0150793172085168,13.8223044496487,178
"{VINTAGE HEADS AND TAILS CARD GAME} => {VINTAGE SNAP CARDS}",0.0145967790578443,0.561484918793503,0.025996742867483,13.7096590113071,242
"{ALARM CLOCK BAKELIKE PINK} => {ALARM CLOCK BAKELIKE GREEN}",0.0166475661982025,0.562118126272912,0.029615778997527,13.5063136456212,276
"{LUNCH BAG  BLACK SKULL.,LUNCH BAG RED RETROSPOT,LUNCH BAG SUKI DESIGN} => {LUNCH BAG PINK POLKADOT}",0.0100126666264552,0.688796680497925,0.0145364617890102,13.4664624598763,166
"{LUNCH BAG PINK POLKADOT,LUNCH BAG SPACEBOY DESIGN} => {LUNCH BAG WOODLAND}",0.0109777429278002,0.544910179640719,0.0201459677905784,13.4036585582544,182
"{LUNCH BAG RED RETROSPOT,LUNCH BAG SPACEBOY DESIGN} => {LUNCH BAG WOODLAND}",0.013450750949997,0.54390243902439,0.0247300802219676,13.3788702323225,223
"{LUNCH BAG DOLLY GIRL DESIGN,LUNCH BAG RED RETROSPOT} => {LUNCH BAG SPACEBOY DESIGN}",0.0112190120031365,0.696629213483146,0.0161047107786959,13.2295712833185,186
"{LUNCH BAG CARS BLUE,LUNCH BAG SPACEBOY DESIGN} => {LUNCH BAG WOODLAND}",0.0117618674226431,0.537190082644628,0.0218951685867664,13.2137602079604,195
"{LUNCH BAG  BLACK SKULL.,LUNCH BAG DOLLY GIRL DESIGN} => {LUNCH BAG SPACEBOY DESIGN}",0.0102539357017914,0.691056910569106,0.0148380481331805,13.1237485914378,170
"{HOT WATER BOTTLE TEA AND SYMPATHY} => {CHOCOLATE HOT WATER BOTTLE}",0.0151396344773509,0.513292433537832,0.0294951444598589,12.8354076253751,251
"{LUNCH BAG  BLACK SKULL.,LUNCH BAG APPLE DESIGN} => {LUNCH BAG SUKI DESIGN}",0.011701550153809,0.642384105960265,0.0182158151878883,12.7393374314775,194
"{LUNCH BAG APPLE DESIGN,LUNCH BAG CARS BLUE} => {LUNCH BAG SUKI DESIGN}",0.0101936184329574,0.630597014925373,0.01616502804753,12.5055836249375,169
"{JUMBO BAG PEARS} => {JUMBO BAG VINTAGE LEAF}",0.0135713854876651,0.530660377358491,0.0255745219856445,12.4087706575831,225
"{WHITE HANGING HEART T-LIGHT HOLDER,WOODEN PICTURE FRAME WHITE FINISH} => {WOODEN FRAME ANTIQUE WHITE}",0.010736473852464,0.583606557377049,0.0183967669943905,12.3413432586149,178
"{LUNCH BAG CARS BLUE,LUNCH BAG RED RETROSPOT} => {LUNCH BAG WOODLAND}",0.0124856746486519,0.501210653753027,0.0249110320284698,12.3287409919457,207
"{LUNCH BAG  BLACK SKULL.,LUNCH BAG CARS BLUE} => {LUNCH BAG PINK POLKADOT}",0.0150793172085168,0.621890547263682,0.024247542071295,12.1584002159016,250
"{LUNCH BAG CARS BLUE,LUNCH BAG PINK POLKADOT,LUNCH BAG RED RETROSPOT} => {LUNCH BAG  BLACK SKULL.}",0.0111586947343024,0.728346456692913,0.0153205862838531,12.1237509091484,185
"{LUNCH BAG PINK POLKADOT,LUNCH BAG WOODLAND} => {LUNCH BAG SPACEBOY DESIGN}",0.0109777429278002,0.636363636363636,0.0172507388865432,12.0850775799229,182
"{LUNCH BAG CARS BLUE,LUNCH BAG RED RETROSPOT} => {LUNCH BAG PINK POLKADOT}",0.0153205862838531,0.61501210653753,0.0249110320284698,12.0239218328841,254
"{LUNCH BAG PINK POLKADOT,LUNCH BAG WOODLAND} => {LUNCH BAG CARS BLUE}",0.0109777429278002,0.636363636363636,0.0172507388865432,11.9617604617605,182
"{LUNCH BAG PINK POLKADOT,LUNCH BAG RED RETROSPOT,LUNCH BAG SUKI DESIGN} => {LUNCH BAG  BLACK SKULL.}",0.0100126666264552,0.71551724137931,0.0139936063695036,11.9102011494253,166
"{LUNCH BAG  BLACK SKULL.,LUNCH BAG PINK POLKADOT,LUNCH BAG RED RETROSPOT} => {LUNCH BAG CARS BLUE}",0.0111586947343024,0.631399317406143,0.0176729597683817,11.8684458994064,185
"{LUNCH BAG  BLACK SKULL.,LUNCH BAG RED RETROSPOT} => {LUNCH BAG PINK POLKADOT}",0.0176729597683817,0.605371900826446,0.0291935581156885,11.8354489903321,293
"{LUNCH BAG PINK POLKADOT,LUNCH BAG SPACEBOY DESIGN} => {LUNCH BAG CARS BLUE}",0.012545991917486,0.622754491017964,0.0201459677905784,11.7059486469238,208
"{LUNCH BAG APPLE DESIGN,LUNCH BAG RED RETROSPOT} => {LUNCH BAG SUKI DESIGN}",0.0118221846914772,0.588588588588589,0.0200856505217444,11.6725002514476,196
"{LUNCH BAG RED RETROSPOT,LUNCH BAG WOODLAND} => {LUNCH BAG SPACEBOY DESIGN}",0.013450750949997,0.612637362637363,0.0219554858556005,11.6344958020216,223
"{JUMBO BAG RED RETROSPOT,JUMBO BAG STRAWBERRY} => {JUMBO BAG PINK POLKADOT}",0.0135713854876651,0.569620253164557,0.0238253211894565,11.6302145039596,225
"{LUNCH BAG CARS BLUE,LUNCH BAG WOODLAND} => {LUNCH BAG SPACEBOY DESIGN}",0.0117618674226431,0.61128526645768,0.0192412087580674,11.6088183649506,195
"{JUMBO BAG PINK VINTAGE PAISLEY,JUMBO BAG RED RETROSPOT} => {JUMBO BAG PINK POLKADOT}",0.0103142529706255,0.566225165562914,0.0182158151878883,11.5608953446645,171
"{LUNCH BAG  BLACK SKULL.,LUNCH BAG PINK POLKADOT,LUNCH BAG SUKI DESIGN} => {LUNCH BAG RED RETROSPOT}",0.0100126666264552,0.775700934579439,0.0129078955304904,11.4824516021362,166
"{LUNCH BAG DOLLY GIRL DESIGN} => {LUNCH BAG SPACEBOY DESIGN}",0.018879305145063,0.604247104247104,0.0312443452560468,11.4751577792815,313
"{LUNCH BAG  BLACK SKULL.,LUNCH BAG WOODLAND} => {LUNCH BAG PINK POLKADOT}",0.0113999638096387,0.583333333333333,0.0195427951022378,11.4045794025157,189
"{LUNCH BAG RED RETROSPOT,LUNCH BAG WOODLAND} => {LUNCH BAG PINK POLKADOT}",0.0127872609928222,0.582417582417582,0.0219554858556005,11.3866758241758,212
"{WOODEN PICTURE FRAME WHITE FINISH} => {WOODEN FRAME ANTIQUE WHITE}",0.0276253091260028,0.536299765807963,0.0515109475842934,11.3409615016967,458
"{WOODEN FRAME ANTIQUE WHITE} => {WOODEN PICTURE FRAME WHITE FINISH}",0.0276253091260028,0.584183673469388,0.0472887387659087,11.3409615016967,458
"{LUNCH BAG SUKI DESIGN,LUNCH BAG WOODLAND} => {LUNCH BAG CARS BLUE}",0.0100729838952892,0.602888086642599,0.0167078834670366,11.3325188077638,167
"{PAPER CHAIN KIT VINTAGE CHRISTMAS} => {PAPER CHAIN KIT 50'S CHRISTMAS}",0.0263586464804874,0.645494830132939,0.0408347910006635,11.3245066547873,437
"{LUNCH BAG  BLACK SKULL.,LUNCH BAG WOODLAND} => {LUNCH BAG SPACEBOY DESIGN}",0.011641232884975,0.595679012345679,0.0195427951022378,11.3124425494605,193
"{LUNCH BAG  BLACK SKULL.,LUNCH BAG PINK POLKADOT,LUNCH BAG RED RETROSPOT} => {LUNCH BAG SUKI DESIGN}",0.0100126666264552,0.566552901023891,0.0176729597683817,11.2355030455444,166
"{LUNCH BAG VINTAGE LEAF DESIGN} => {LUNCH BAG APPLE DESIGN}",0.0168285180047047,0.505434782608696,0.0332951323964051,11.2327121459378,279
"{LUNCH BAG CARS BLUE,LUNCH BAG SPACEBOY DESIGN} => {LUNCH BAG PINK POLKADOT}",0.012545991917486,0.573002754820937,0.0218951685867664,11.2026092832268,208
"{LUNCH BAG CARS BLUE,LUNCH BAG WOODLAND} => {LUNCH BAG PINK POLKADOT}",0.0109777429278002,0.570532915360502,0.0192412087580674,11.1543221742474,182
"{LUNCH BAG RED RETROSPOT,LUNCH BAG SUKI DESIGN} => {LUNCH BAG PINK POLKADOT}",0.0139936063695036,0.565853658536585,0.0247300802219676,11.0628393925449,232
"{LUNCH BAG PINK POLKADOT,LUNCH BAG WOODLAND} => {LUNCH BAG  BLACK SKULL.}",0.0113999638096387,0.660839160839161,0.0172507388865432,11.0000526581852,189
"{LUNCH BAG PINK POLKADOT,LUNCH BAG WOODLAND} => {LUNCH BAG RED RETROSPOT}",0.0127872609928222,0.741258741258741,0.0172507388865432,10.9726148851149,212
"{LUNCH BAG  BLACK SKULL.,LUNCH BAG CARS BLUE,LUNCH BAG PINK POLKADOT} => {LUNCH BAG RED RETROSPOT}",0.0111586947343024,0.74,0.0150793172085168,10.9539821428571,185
"{LUNCH BAG RED RETROSPOT,LUNCH BAG SPACEBOY DESIGN} => {LUNCH BAG PINK POLKADOT}",0.0138126545630014,0.558536585365854,0.0247300802219675,10.9197854348827,229
"{LUNCH BAG  BLACK SKULL.,LUNCH BAG WOODLAND} => {LUNCH BAG SUKI DESIGN}",0.0106761565836299,0.546296296296296,0.0195427951022378,10.8337874357611,177
"{LUNCH BAG  BLACK SKULL.,LUNCH BAG WOODLAND} => {LUNCH BAG CARS BLUE}",0.0112190120031365,0.574074074074074,0.0195427951022378,10.7909003107416,186
"{LUNCH BAG  BLACK SKULL.,LUNCH BAG SPACEBOY DESIGN} => {LUNCH BAG PINK POLKADOT}",0.0129078955304904,0.55012853470437,0.0234634175764521,10.7554020953582,214
"{LUNCH BAG PINK POLKADOT,LUNCH BAG SUKI DESIGN} => {LUNCH BAG CARS BLUE}",0.0114602810784728,0.570570570570571,0.0200856505217444,10.7250447726638,190
"{LUNCH BAG PINK POLKADOT,LUNCH BAG SUKI DESIGN} => {LUNCH BAG  BLACK SKULL.}",0.0129078955304904,0.642642642642643,0.0200856505217444,10.6971610164381,214
"{LUNCH BAG RED RETROSPOT,LUNCH BAG WOODLAND} => {LUNCH BAG CARS BLUE}",0.0124856746486519,0.568681318681319,0.0219554858556005,10.6895324063691,207
"{LUNCH BAG RED RETROSPOT,LUNCH BAG WOODLAND} => {LUNCH BAG SUKI DESIGN}",0.0118221846914772,0.538461538461538,0.0219554858556005,10.6784136915716,196
"{LUNCH BAG PINK POLKADOT,LUNCH BAG SPACEBOY DESIGN} => {LUNCH BAG  BLACK SKULL.}",0.0129078955304904,0.640718562874252,0.0201459677905784,10.6651335882452,214
"{LUNCH BAG  BLACK SKULL.,LUNCH BAG SUKI DESIGN} => {LUNCH BAG PINK POLKADOT}",0.0129078955304904,0.544529262086514,0.0237046866517884,10.6459323539296,214
"{LUNCH BAG SUKI DESIGN,LUNCH BAG WOODLAND} => {LUNCH BAG  BLACK SKULL.}",0.0106761565836299,0.63898916967509,0.0167078834670366,10.6363468313688,177
"{LUNCH BAG  BLACK SKULL.,LUNCH BAG PINK POLKADOT} => {LUNCH BAG CARS BLUE}",0.0150793172085168,0.565610859728507,0.0266602328246577,10.6318168292958,250
"{JUMBO BAG RED RETROSPOT,JUMBO STORAGE BAG SUKI} => {JUMBO BAG PINK POLKADOT}",0.0127872609928222,0.519607843137255,0.0246094456842994,10.6090867381435,212
"{LUNCH BAG SPACEBOY DESIGN,LUNCH BAG WOODLAND} => {LUNCH BAG CARS BLUE}",0.0117618674226431,0.563583815028902,0.0208697750165872,10.5937143643585,195
"{LUNCH BAG  BLACK SKULL.,LUNCH BAG CARS BLUE} => {LUNCH BAG SUKI DESIGN}",0.0129078955304904,0.532338308457711,0.024247542071295,10.5569818372254,214
"{LUNCH BAG  BLACK SKULL.,LUNCH BAG SPACEBOY DESIGN} => {LUNCH BAG SUKI DESIGN}",0.0124856746486519,0.532133676092545,0.0234634175764521,10.5529237032755,207
"{LUNCH BAG CARS BLUE,LUNCH BAG PINK POLKADOT} => {LUNCH BAG  BLACK SKULL.}",0.0150793172085168,0.631313131313131,0.0238856384582906,10.5085747028518,250
"{LUNCH BAG SUKI DESIGN,LUNCH BAG WOODLAND} => {LUNCH BAG RED RETROSPOT}",0.0118221846914772,0.707581227436823,0.0167078834670366,10.4740974729242,196
"{LUNCH BAG CARS BLUE,LUNCH BAG SPACEBOY DESIGN} => {LUNCH BAG SUKI DESIGN}",0.0115205983473068,0.526170798898072,0.0218951685867664,10.4346718599655,191
"{LUNCH BAG CARS BLUE,LUNCH BAG WOODLAND} => {LUNCH BAG SUKI DESIGN}",0.0100729838952892,0.523510971786834,0.0192412087580674,10.3819239249449,167
"{LUNCH BAG CARS BLUE,LUNCH BAG RED RETROSPOT} => {LUNCH BAG SUKI DESIGN}",0.0130285300681585,0.523002421307506,0.0249110320284698,10.3718386876282,216
"{LUNCH BAG PINK POLKADOT,LUNCH BAG RED RETROSPOT} => {LUNCH BAG  BLACK SKULL.}",0.0176729597683817,0.62208067940552,0.0284094336208456,10.3548951645222,293
"{LUNCH BAG APPLE DESIGN,LUNCH BAG RED RETROSPOT} => {LUNCH BAG PINK POLKADOT}",0.0106158393147958,0.528528528528528,0.0200856505217444,10.3331066915973,176
"{LUNCH BAG SPACEBOY DESIGN,LUNCH BAG SUKI DESIGN} => {LUNCH BAG CARS BLUE}",0.0115205983473068,0.548850574712644,0.0209904095542554,10.3167728777335,191
"{LUNCH BAG PINK POLKADOT,LUNCH BAG SUKI DESIGN} => {LUNCH BAG RED RETROSPOT}",0.0139936063695036,0.696696696696697,0.0200856505217444,10.3129772629773,232
"{JUMBO  BAG BAROQUE BLACK WHITE,JUMBO BAG RED RETROSPOT} => {JUMBO BAG PINK POLKADOT}",0.0105555220459618,0.504322766570605,0.0209300922854213,10.2970038755838,175
"{LUNCH BAG SPACEBOY DESIGN,LUNCH BAG WOODLAND} => {LUNCH BAG PINK POLKADOT}",0.0109777429278002,0.526011560693642,0.0208697750165872,10.2838981895518,182
"{LUNCH BAG  BLACK SKULL.,LUNCH BAG SUKI DESIGN} => {LUNCH BAG CARS BLUE}",0.0129078955304904,0.544529262086514,0.0237046866517884,10.2355449389255,214
"{LUNCH BAG CARS BLUE,LUNCH BAG SUKI DESIGN} => {LUNCH BAG PINK POLKADOT}",0.0114602810784728,0.523415977961432,0.0218951685867664,10.2331527106398,190
"{LUNCH BAG RED RETROSPOT,LUNCH BAG SPACEBOY DESIGN} => {LUNCH BAG SUKI DESIGN}",0.0126666264551541,0.51219512195122,0.0247300802219676,10.1575154627144,210
"{LUNCH BAG PINK POLKADOT,LUNCH BAG SPACEBOY DESIGN} => {LUNCH BAG RED RETROSPOT}",0.0138126545630014,0.68562874251497,0.0201459677905784,10.1491418947819,229
"{LUNCH BAG PINK POLKADOT,LUNCH BAG RED RETROSPOT} => {LUNCH BAG CARS BLUE}",0.0153205862838531,0.53927813163482,0.0284094336208456,10.1368391659565,254
"{LUNCH BAG  BLACK SKULL.,LUNCH BAG SPACEBOY DESIGN} => {LUNCH BAG CARS BLUE}",0.01260630918632,0.537275064267352,0.0234634175764521,10.0991874041819,209
"{LUNCH BAG  BLACK SKULL.,LUNCH BAG SUKI DESIGN} => {LUNCH BAG SPACEBOY DESIGN}",0.0124856746486519,0.526717557251908,0.0237046866517884,10.0028068518664,207
"{LUNCH BAG CARS BLUE,LUNCH BAG SUKI DESIGN} => {LUNCH BAG SPACEBOY DESIGN}",0.0115205983473068,0.526170798898072,0.0218951685867664,9.99242345352936,191
"{LUNCH BAG CARS BLUE,LUNCH BAG PINK POLKADOT} => {LUNCH BAG SPACEBOY DESIGN}",0.012545991917486,0.525252525252525,0.0238856384582906,9.97498466914275,208
"{LUNCH BAG CARS BLUE,LUNCH BAG RED RETROSPOT} => {LUNCH BAG  BLACK SKULL.}",0.0148983654020146,0.598062953995157,0.0249110320284698,9.95510613884108,247
"{JUMBO BAG RED RETROSPOT,LUNCH BAG PINK POLKADOT} => {LUNCH BAG RED RETROSPOT}",0.0102539357017914,0.671936758893281,0.015260269015019,9.94646386222473,170
"{LUNCH BAG CARS BLUE,LUNCH BAG RED RETROSPOT} => {LUNCH BAG SPACEBOY DESIGN}",0.0130285300681585,0.523002421307506,0.0249110320284698,9.93225331369661,216
"{LUNCH BAG RED RETROSPOT,LUNCH BAG SUKI DESIGN} => {LUNCH BAG CARS BLUE}",0.0130285300681585,0.526829268292683,0.0247300802219675,9.90283723245396,216
"{LUNCH BAG RED RETROSPOT,LUNCH BAG SPACEBOY DESIGN} => {LUNCH BAG CARS BLUE}",0.0130285300681585,0.526829268292683,0.0247300802219675,9.90283723245396,216
"{LUNCH BAG SPACEBOY DESIGN,LUNCH BAG SUKI DESIGN} => {LUNCH BAG  BLACK SKULL.}",0.0124856746486519,0.594827586206897,0.0209904095542554,9.90125155795596,207
"{LUNCH BAG  BLACK SKULL.,LUNCH BAG CARS BLUE} => {LUNCH BAG SPACEBOY DESIGN}",0.01260630918632,0.519900497512438,0.024247542071295,9.87334518700883,209
"{PACK OF 60 SPACEBOY CAKE CASES} => {PACK OF 72 RETROSPOT CAKE CASES}",0.0100126666264552,0.5,0.0200253332529103,9.82168246445498,166
"{LUNCH BAG APPLE DESIGN,LUNCH BAG SUKI DESIGN} => {LUNCH BAG  BLACK SKULL.}",0.011701550153809,0.589665653495441,0.0198443814464081,9.81532818202903,194
"{LUNCH BAG CARS BLUE,LUNCH BAG SUKI DESIGN} => {LUNCH BAG  BLACK SKULL.}",0.0129078955304904,0.589531680440771,0.0218951685867664,9.81309812251762,214
"{LUNCH BAG  BLACK SKULL.,LUNCH BAG PINK POLKADOT} => {LUNCH BAG RED RETROSPOT}",0.0176729597683817,0.66289592760181,0.0266602328246577,9.81263534259858,293
"{LUNCH BAG RED RETROSPOT,LUNCH BAG WOODLAND} => {LUNCH BAG  BLACK SKULL.}",0.0129078955304904,0.587912087912088,0.0219554858556005,9.78613906174147,214
"{LUNCH BAG RED RETROSPOT,LUNCH BAG SUKI DESIGN} => {LUNCH BAG  BLACK SKULL.}",0.0145364617890102,0.58780487804878,0.0247300802219676,9.78435449113527,241
"{LUNCH BAG  BLACK SKULL.,LUNCH BAG WOODLAND} => {LUNCH BAG RED RETROSPOT}",0.0129078955304904,0.660493827160494,0.0195427951022378,9.77707782186949,214
"{LUNCH BAG APPLE DESIGN,LUNCH BAG PINK POLKADOT} => {LUNCH BAG RED RETROSPOT}",0.0106158393147958,0.659176029962547,0.0161047107786959,9.75757089352595,176
"{LUNCH BAG WOODLAND} => {LUNCH BAG SPACEBOY DESIGN}",0.0208697750165872,0.513353115727003,0.0406538391941613,9.74900493200227,346
"{LUNCH BAG RED RETROSPOT,LUNCH BAG SUKI DESIGN} => {LUNCH BAG SPACEBOY DESIGN}",0.0126666264551541,0.51219512195122,0.0247300802219676,9.7270136618892,210
"{LUNCH BAG CARS BLUE,LUNCH BAG WOODLAND} => {LUNCH BAG  BLACK SKULL.}",0.0112190120031365,0.58307210031348,0.0192412087580674,9.70557464969596,186
"{LUNCH BAG APPLE DESIGN,LUNCH BAG RED RETROSPOT} => {LUNCH BAG SPACEBOY DESIGN}",0.0102539357017914,0.510510510510511,0.0200856505217444,9.69502148196306,170
"{LUNCH BAG APPLE DESIGN,LUNCH BAG SUKI DESIGN} => {LUNCH BAG CARS BLUE}",0.0101936184329574,0.513677811550152,0.0198443814464081,9.65562861416096,169
"{LUNCH BAG APPLE DESIGN,LUNCH BAG RED RETROSPOT} => {LUNCH BAG  BLACK SKULL.}",0.011641232884975,0.57957957957958,0.0200856505217444,9.64743960828298,193
"{LUNCH BAG RED RETROSPOT,LUNCH BAG SPACEBOY DESIGN} => {LUNCH BAG  BLACK SKULL.}",0.0142951927136739,0.578048780487805,0.0247300802219676,9.6219585659712,237
"{LUNCH BAG CARS BLUE,LUNCH BAG WOODLAND} => {LUNCH BAG RED RETROSPOT}",0.0124856746486519,0.648902821316614,0.0192412087580674,9.60549988804299,207
"{LUNCH BAG  BLACK SKULL.,LUNCH BAG RED RETROSPOT} => {LUNCH BAG CARS BLUE}",0.0148983654020146,0.510330578512397,0.0291935581156885,9.59271050017803,247
"{JUMBO BAG RED RETROSPOT,LUNCH BAG  BLACK SKULL.} => {LUNCH BAG RED RETROSPOT}",0.0101936184329574,0.647509578544061,0.0157428071656915,9.58487616310892,169
"{LUNCH BAG CARS BLUE,LUNCH BAG SPACEBOY DESIGN} => {LUNCH BAG  BLACK SKULL.}",0.01260630918632,0.575757575757576,0.0218951685867664,9.58382012900085,209
"{LUNCH BAG SPACEBOY DESIGN,LUNCH BAG WOODLAND} => {LUNCH BAG RED RETROSPOT}",0.013450750949997,0.644508670520231,0.0208697750165872,9.54045468620974,223
"{LUNCH BAG APPLE DESIGN,LUNCH BAG SPACEBOY DESIGN} => {LUNCH BAG RED RETROSPOT}",0.0102539357017914,0.643939393939394,0.0159237589721937,9.53202786796537,170
"{LUNCH BAG CARS BLUE,LUNCH BAG PINK POLKADOT} => {LUNCH BAG RED RETROSPOT}",0.0153205862838531,0.641414141414141,0.0238856384582906,9.49464736652237,254
"{LUNCH BAG  BLACK SKULL.,LUNCH BAG APPLE DESIGN} => {LUNCH BAG RED RETROSPOT}",0.011641232884975,0.639072847682119,0.0182158151878883,9.45998994796594,193
"{SET OF TEA COFFEE SUGAR TINS PANTRY} => {SET OF 3 CAKE TINS PANTRY DESIGN}",0.0108571083901321,0.569620253164557,0.0190602569515652,9.37808756426533,180
"{LUNCH BAG SPACEBOY DESIGN,LUNCH BAG WOODLAND} => {LUNCH BAG  BLACK SKULL.}",0.011641232884975,0.557803468208092,0.0208697750165872,9.28496355363651,193
"{PAINTED METAL PEARS ASSORTED} => {ASSORTED COLOUR BIRD ORNAMENT}",0.0146570963266783,0.725373134328358,0.0202062850594125,9.25073938002296,243
"{LUNCH BAG  BLACK SKULL.,LUNCH BAG CARS BLUE} => {LUNCH BAG RED RETROSPOT}",0.0148983654020146,0.614427860696517,0.024247542071295,9.09517812722104,247
"{LUNCH BAG  BLACK SKULL.,LUNCH BAG SUKI DESIGN} => {LUNCH BAG RED RETROSPOT}",0.0145364617890102,0.61323155216285,0.0237046866517884,9.0774695565249,241
"{JUMBO BAG PINK POLKADOT,JUMBO BAG STRAWBERRY} => {JUMBO BAG RED RETROSPOT}",0.0135713854876651,0.792253521126761,0.0171301043488751,9.07724334952354,225
"{LUNCH BAG DOLLY GIRL DESIGN,LUNCH BAG SPACEBOY DESIGN} => {LUNCH BAG  BLACK SKULL.}",0.0102539357017914,0.543130990415335,0.018879305145063,9.0407316165621,170
"{JUMBO BAG STRAWBERRY,JUMBO STORAGE BAG SUKI} => {JUMBO BAG RED RETROSPOT}",0.0100729838952892,0.787735849056604,0.0127872609928222,9.02548212958496,167
"{LUNCH BAG  BLACK SKULL.,LUNCH BAG SPACEBOY DESIGN} => {LUNCH BAG RED RETROSPOT}",0.0142951927136739,0.609254498714653,0.0234634175764521,9.01859851266985,237
"{HEART OF WICKER LARGE} => {HEART OF WICKER SMALL}",0.0240062729959587,0.503160556257901,0.0477109596477472,8.98911515323249,398
"{JUMBO BAG PINK POLKADOT,JUMBO STORAGE BAG SUKI} => {JUMBO BAG RED RETROSPOT}",0.0127872609928222,0.782287822878229,0.0163459798540322,8.96306137905885,212
"{LUNCH BAG SPACEBOY DESIGN,LUNCH BAG SUKI DESIGN} => {LUNCH BAG RED RETROSPOT}",0.0126666264551541,0.603448275862069,0.0209904095542554,8.93265086206896,210
"{JUMBO BAG PINK POLKADOT,LUNCH BAG RED RETROSPOT} => {JUMBO BAG RED RETROSPOT}",0.0103745702394596,0.774774774774775,0.0133904336811629,8.87698064339391,172
"{LUNCH BAG APPLE DESIGN,LUNCH BAG SUKI DESIGN} => {LUNCH BAG RED RETROSPOT}",0.0118221846914772,0.595744680851064,0.0198443814464081,8.8186170212766,196
"{LUNCH BAG CARS BLUE,LUNCH BAG SUKI DESIGN} => {LUNCH BAG RED RETROSPOT}",0.0130285300681585,0.59504132231405,0.0218951685867664,8.8082054309327,216
"{LUNCH BAG CARS BLUE,LUNCH BAG SPACEBOY DESIGN} => {LUNCH BAG RED RETROSPOT}",0.0130285300681585,0.59504132231405,0.0218951685867664,8.8082054309327,216
"{LUNCH BAG DOLLY GIRL DESIGN,LUNCH BAG SPACEBOY DESIGN} => {LUNCH BAG RED RETROSPOT}",0.0112190120031365,0.594249201277955,0.018879305145063,8.79647991784573,186
"{JUMBO BAG PINK POLKADOT,JUMBO SHOPPER VINTAGE RED PAISLEY} => {JUMBO BAG RED RETROSPOT}",0.0106158393147958,0.765217391304348,0.0138729718318355,8.76747693879391,176
"{LUNCH BAG PINK POLKADOT} => {LUNCH BAG  BLACK SKULL.}",0.0266602328246577,0.52122641509434,0.051149043971289,8.67611720466773,442
"{JUMBO SHOPPER VINTAGE RED PAISLEY,JUMBO STORAGE BAG SUKI} => {JUMBO BAG RED RETROSPOT}",0.0109174256589662,0.747933884297521,0.0145967790578443,8.56945118712411,181
"{JUMBO  BAG BAROQUE BLACK WHITE,JUMBO BAG PINK POLKADOT} => {JUMBO BAG RED RETROSPOT}",0.0105555220459618,0.720164609053498,0.0146570963266783,8.25128476399305,175
"{JUMBO BAG PINK POLKADOT,JUMBO BAG PINK VINTAGE PAISLEY} => {JUMBO BAG RED RETROSPOT}",0.0103142529706255,0.718487394957983,0.014355509982508,8.23206808639143,171
"{LUNCH BAG PINK POLKADOT} => {LUNCH BAG RED RETROSPOT}",0.0284094336208456,0.555424528301887,0.051149043971289,8.22177076314016,471
"{LUNCH BAG WOODLAND} => {LUNCH BAG RED RETROSPOT}",0.0219554858556005,0.540059347181009,0.0406538391941613,7.99432492581602,364
"{JUMBO  BAG BAROQUE BLACK WHITE,JUMBO STORAGE BAG SUKI} => {JUMBO BAG RED RETROSPOT}",0.0100126666264552,0.697478991596639,0.014355509982508,7.99136434117531,166
"{LUNCH BAG DOLLY GIRL DESIGN} => {LUNCH BAG RED RETROSPOT}",0.0161047107786959,0.515444015444015,0.0312443452560468,7.62995208218422,267
"{JUMBO BAG STRAWBERRY} => {JUMBO BAG RED RETROSPOT}",0.0238253211894565,0.635048231511254,0.0375173412147898,7.27606401535942,395
"{JUMBO BAG PINK POLKADOT} => {JUMBO BAG RED RETROSPOT}",0.030520538030038,0.623152709359606,0.0489776222932626,7.13977109085895,506
"{GREEN REGENCY TEACUP AND SAUCER,PINK REGENCY TEACUP AND SAUCER,ROSES REGENCY TEACUP AND SAUCER} => {REGENCY CAKESTAND 3 TIER}",0.0121840883044816,0.592375366568915,0.0205681886724169,6.96524198747946,202
"{PINK REGENCY TEACUP AND SAUCER,ROSES REGENCY TEACUP AND SAUCER} => {REGENCY CAKESTAND 3 TIER}",0.0135713854876651,0.587467362924282,0.0231015139634477,6.90753291483807,225
"{JUMBO BAG SCANDINAVIAN BLUE PAISLEY} => {JUMBO BAG RED RETROSPOT}",0.0149586826708487,0.584905660377358,0.0255745219856445,6.70155559322476,248
"{GREEN REGENCY TEACUP AND SAUCER,PINK REGENCY TEACUP AND SAUCER} => {REGENCY CAKESTAND 3 TIER}",0.0138729718318355,0.569306930693069,0.0243681766089631,6.69399971912085,230
"{GREEN REGENCY TEACUP AND SAUCER,ROSES REGENCY TEACUP AND SAUCER} => {REGENCY CAKESTAND 3 TIER}",0.0159840762410278,0.55672268907563,0.028711019965016,6.54603224268431,265
"{CANDLEHOLDER PINK HANGING HEART} => {WHITE HANGING HEART T-LIGHT HOLDER}",0.0141745581760058,0.741324921135647,0.0191205742203993,6.52358060908062,235
"{JUMBO STORAGE BAG SUKI} => {JUMBO BAG RED RETROSPOT}",0.0246094456842994,0.566666666666667,0.0434284335605284,6.49258235429625,408
"{JUMBO  BAG BAROQUE BLACK WHITE} => {JUMBO BAG RED RETROSPOT}",0.0209300922854213,0.554313099041534,0.0377586102901261,6.3510413745747,347
"{PINK REGENCY TEACUP AND SAUCER} => {REGENCY CAKESTAND 3 TIER}",0.0159840762410278,0.537525354969574,0.0297364135351951,6.32030699293657,265
"{JUMBO BAG SPACEBOY DESIGN} => {JUMBO BAG RED RETROSPOT}",0.0137523372941673,0.550724637681159,0.0249713492973038,6.30992658473804,228
"{JUMBO BAG WOODLAND ANIMALS} => {JUMBO BAG RED RETROSPOT}",0.0121237710356475,0.547683923705722,0.0221364376621027,6.27508760961794,201
"{JUMBO BAG PINK VINTAGE PAISLEY} => {JUMBO BAG RED RETROSPOT}",0.0182158151878883,0.546112115732369,0.0333554496652392,6.25707862247888,302
"{GREEN REGENCY TEACUP AND SAUCER} => {REGENCY CAKESTAND 3 TIER}",0.0193618432957356,0.524509803921569,0.0369141685264491,6.16726811291893,321
"{ROSES REGENCY TEACUP AND SAUCER} => {REGENCY CAKESTAND 3 TIER}",0.0212316786295917,0.519174041297935,0.0408951082694976,6.1045293834599,352
"{JUMBO STORAGE BAG SKULLS} => {JUMBO BAG RED RETROSPOT}",0.0144158272513421,0.531111111111111,0.0271427709753302,6.08520463794825,239
"{RED HANGING HEART T-LIGHT HOLDER} => {WHITE HANGING HEART T-LIGHT HOLDER}",0.0258157910609808,0.666666666666667,0.0387236865914711,5.86659589525832,428
"{JUMBO BAG APPLES} => {JUMBO BAG RED RETROSPOT}",0.018879305145063,0.5,0.0377586102901261,5.72874913614375,313
